{
    "train_loss": [
        1.514270500205029,
        1.3467102530358852,
        1.2564015258317707,
        1.193161847262547,
        1.138755753122527,
        1.0958653558259723,
        1.0513131365008739,
        1.0032436971006722,
        0.9681902123593736,
        0.9638513251282703,
        0.9133524785096618,
        0.898969644102557,
        0.8742281472545931,
        0.8486929912676756,
        0.8306354606288603,
        0.8187218654429775,
        0.782355402735458,
        0.7747420010895565,
        0.7283817553657225,
        0.7547665916640183,
        0.7067025009242968,
        0.6924755751401529,
        0.6862983957104299,
        0.649634013915884,
        0.6311615191656967,
        0.6219964959155554,
        0.6466319811070103,
        0.6330551320108874,
        0.5927031942825208,
        0.6383055907556381,
        0.6176168675395264
    ],
    "val_loss": [
        1.380841336752239,
        1.2777231304269088,
        1.209979938833337,
        1.1587792352626198,
        1.1184793051920439,
        1.0824838155194332,
        1.0508275188897784,
        1.0320307769273456,
        1.0102652813258923,
        0.9960387568724783,
        0.9763843354425932,
        0.9546436196879337,
        0.9674909271691975,
        0.9385400132129067,
        0.9283552812902551,
        0.9315989895870811,
        0.9142264284585652,
        0.9225951605721524,
        0.9005052682600523,
        0.8976173212653712,
        0.9110064679070523,
        0.90279347645609,
        0.9082323610782623,
        0.9084940176261099,
        0.8973773733565682,
        0.8836486810132077,
        0.8912671224067086,
        0.8906281998282984,
        0.9018020598511947,
        0.8846814052054757,
        0.9008069618752128
    ],
    "val_acc": [
        0.531986531986532,
        0.5656565656565656,
        0.5757575757575758,
        0.6060606060606061,
        0.6094276094276094,
        0.6161616161616161,
        0.6195286195286195,
        0.6430976430976431,
        0.632996632996633,
        0.6498316498316499,
        0.632996632996633,
        0.6498316498316499,
        0.6599326599326599,
        0.6498316498316499,
        0.6464646464646465,
        0.6632996632996633,
        0.6767676767676768,
        0.6734006734006734,
        0.6835016835016835,
        0.6868686868686869,
        0.6902356902356902,
        0.67003367003367,
        0.6835016835016835,
        0.6868686868686869,
        0.696969696969697,
        0.6902356902356902,
        0.6936026936026936,
        0.6902356902356902,
        0.6902356902356902,
        0.7003367003367004,
        0.6835016835016835
    ],
    "val_precision": [
        0.4697502784964458,
        0.5146100182711246,
        0.5130848895681523,
        0.5608121269856576,
        0.561896130514274,
        0.5730054964633347,
        0.5802838391073685,
        0.6017548717261987,
        0.5930237941057613,
        0.6098619768859581,
        0.5912333630737827,
        0.6045224658930344,
        0.6181713352538494,
        0.6063248841730785,
        0.6065740445139698,
        0.6255605190005714,
        0.6344361318789657,
        0.6340759980759981,
        0.6409956116527312,
        0.6506751581751582,
        0.6496287878787879,
        0.6291473940003351,
        0.6411479917637554,
        0.6466276803118908,
        0.6541895925592088,
        0.6490287823990355,
        0.6507136380282955,
        0.6444919530823786,
        0.6473864518318505,
        0.65908769565423,
        0.6409335443037975
    ],
    "val_recall": [
        0.48623703500464066,
        0.5310392658984209,
        0.5315383038974588,
        0.5825574660081703,
        0.5886121442459471,
        0.5994737786991309,
        0.610401550718452,
        0.6254087657256671,
        0.6194924598093612,
        0.6318481596650611,
        0.6157947686116699,
        0.623292363609265,
        0.6349686502855517,
        0.6253666781835796,
        0.6272365675534689,
        0.6479797132966147,
        0.6503967407136422,
        0.6492964521133535,
        0.6568361346530361,
        0.6611831765000779,
        0.6621091024260037,
        0.6506312284481298,
        0.6545874574043588,
        0.6545092948261961,
        0.6637685540854554,
        0.6648147301316315,
        0.6642916421085435,
        0.6563370966539981,
        0.6582310360479374,
        0.6688370966539982,
        0.6508897662066676
    ],
    "val_f1": [
        0.4679302620719118,
        0.5162500000000001,
        0.5131967486381056,
        0.5630400173646563,
        0.5648573418180535,
        0.5773842101702239,
        0.5879130009775172,
        0.6081475576223758,
        0.5988459159372777,
        0.6139932393776373,
        0.5982056550370328,
        0.6100929836873588,
        0.6216765176821536,
        0.6115814424295865,
        0.6091184130246299,
        0.6278563211542718,
        0.6404668475947212,
        0.6385194364474883,
        0.6465556800238097,
        0.654417820590006,
        0.6525828099379916,
        0.6343624563816661,
        0.6455866935980564,
        0.6489818507258394,
        0.6572321727469361,
        0.6533457641341222,
        0.6539287996687713,
        0.6485477269246297,
        0.6509164641466343,
        0.6622017404454061,
        0.6439243087065335
    ]
}