{
    "train_loss": [
        1.540560948437658,
        1.3687900688456394,
        1.2412310441335042,
        1.1500679096956363,
        1.0886540111454053,
        1.028462690868597,
        0.9666455518240216,
        0.9070463913610611,
        0.8321303677284855,
        0.7964925265860283,
        0.7397601337268435,
        0.6833631488783606,
        0.6122052511949648,
        0.561849025816753,
        0.5290071688506796,
        0.5095148860723123,
        0.422517745145436,
        0.3875866177780875
    ],
    "val_loss": [
        1.4630033091494912,
        1.3408579700871517,
        1.2387527227401733,
        1.1836297198345787,
        1.1416709485806917,
        1.0934174907834906,
        1.0527193326699107,
        1.0376984320188825,
        1.0254745891219692,
        0.9970728817738985,
        1.0045514985134727,
        1.0035455477865118,
        0.9967148774548581,
        1.0174375992072255,
        1.029799853500567,
        1.0329277013477527,
        1.0824918715577376,
        1.0728927725239803
    ],
    "val_acc": [
        0.5185185185185185,
        0.48484848484848486,
        0.5488215488215489,
        0.5589225589225589,
        0.5791245791245792,
        0.5925925925925926,
        0.6060606060606061,
        0.6060606060606061,
        0.5824915824915825,
        0.6262626262626263,
        0.6195286195286195,
        0.6195286195286195,
        0.6565656565656566,
        0.622895622895623,
        0.6195286195286195,
        0.6195286195286195,
        0.6161616161616161,
        0.6262626262626263
    ],
    "val_precision": [
        0.4094924117388815,
        0.44607845592721895,
        0.4697075117083681,
        0.5261149473125732,
        0.5195845136473561,
        0.5615010094155637,
        0.560187314410569,
        0.5585714285714285,
        0.5482849573013507,
        0.5805034434019942,
        0.5716523368606702,
        0.5757113543471502,
        0.6080462682217068,
        0.5751374159397209,
        0.5663034120152594,
        0.5728980693072614,
        0.5708447568722458,
        0.5837099286066622
    ],
    "val_recall": [
        0.4240405395334973,
        0.4676282442127512,
        0.47911213069663783,
        0.5584622211382775,
        0.5485959528213049,
        0.5959053987223001,
        0.5829933303524852,
        0.5878756546010068,
        0.5697058614312136,
        0.6014247945585973,
        0.5938069494407523,
        0.597146938872291,
        0.6288177719515747,
        0.5965336632590154,
        0.5913658719996748,
        0.5874065097656647,
        0.5795330908006964,
        0.5930403972657493
    ],
    "val_f1": [
        0.39187469283168175,
        0.42935279721858227,
        0.4657574626139743,
        0.5232344665050199,
        0.5177691955058692,
        0.5580877657143313,
        0.5644038560736746,
        0.5609865164703874,
        0.5389564199241619,
        0.5803030295944553,
        0.5757920369610602,
        0.5773156008300321,
        0.6091549764305182,
        0.5759047490873663,
        0.571022258143232,
        0.5752076075018767,
        0.5692470789433335,
        0.5834838229663012
    ]
}