{
    "train_loss": [
        1.5386556770609714,
        1.3741507105443669,
        1.246827775719522,
        1.1533813449158066,
        1.0821971461690705,
        1.0171472231547039,
        0.9437649058199477,
        0.9024693239694355,
        0.8450749345209406,
        0.7879588004501387,
        0.7398941174320791,
        0.6844291954204954,
        0.6319232839962532,
        0.5599303605227635,
        0.5505845741979007,
        0.4711231638987859
    ],
    "val_loss": [
        1.4576880492662128,
        1.3358712510058754,
        1.2407794186943455,
        1.1737830199693378,
        1.1290346666386253,
        1.0953626664061296,
        1.0803166784738238,
        1.0328305457767688,
        1.0172570159560756,
        1.0301723605708073,
        1.003243276947423,
        1.026796867972926,
        1.0080320395921405,
        1.022430658340454,
        1.0366144807715165,
        1.0564568481947247
    ],
    "val_acc": [
        0.494949494949495,
        0.5454545454545454,
        0.5723905723905723,
        0.5757575757575758,
        0.6262626262626263,
        0.5993265993265994,
        0.5925925925925926,
        0.6195286195286195,
        0.6296296296296297,
        0.632996632996633,
        0.6262626262626263,
        0.622895622895623,
        0.6430976430976431,
        0.6262626262626263,
        0.6195286195286195,
        0.6262626262626263
    ],
    "val_precision": [
        0.3521734892787524,
        0.4774431465585889,
        0.5334952570379436,
        0.5383636363636363,
        0.5702798168015559,
        0.560972185709028,
        0.566358016983017,
        0.5790806055113827,
        0.5953860443515616,
        0.5965695599736407,
        0.5962116886295041,
        0.5832043774095957,
        0.5942552672732553,
        0.5975742800630166,
        0.561634367475189,
        0.5838800821982386
    ],
    "val_recall": [
        0.39964771795757714,
        0.48269863287468917,
        0.5413626540387103,
        0.5605667676090211,
        0.577720531945884,
        0.5898116815370337,
        0.5933741336910352,
        0.6032736824990346,
        0.6159480451733973,
        0.6168739710993233,
        0.621696000921353,
        0.607148700282503,
        0.6166544722882751,
        0.6218763761017282,
        0.5779550196803718,
        0.6054682471935993
    ],
    "val_f1": [
        0.35867714553448565,
        0.4752494643403734,
        0.5297780066404233,
        0.5374779264186578,
        0.5668438228438227,
        0.5530928460753023,
        0.5499856130090297,
        0.5807641182853407,
        0.5867822051087345,
        0.5908288473220493,
        0.5888932209389778,
        0.574704400542766,
        0.6005702972015644,
        0.5938623848978065,
        0.5655130117844075,
        0.5843779389620497
    ]
}