{
    "train_loss": [
        4.850448379516601,
        2.7122376561164856,
        1.9643972516059875,
        1.7305692625045777,
        1.5485696196556091,
        1.4782586646080018,
        1.427660870552063,
        1.3517914366722108,
        1.2864567315578461,
        1.2893498349189758,
        1.2580126821994781,
        1.1674889087677003,
        1.1669955551624298,
        1.1459928679466247,
        1.146968742609024,
        1.1146550798416137,
        1.1126905620098113,
        1.0734751427173614,
        1.0543115091323854,
        1.072828631401062,
        1.0705235970020295,
        1.029150663614273,
        1.0321587526798248,
        1.0370245337486268,
        1.044530543088913,
        1.0141579926013946,
        1.0064311158657073,
        1.0639760375022889,
        1.0265890526771546,
        0.9998425030708313,
        0.998147805929184,
        1.0023873686790465,
        0.9900532138347625,
        0.938195595741272,
        0.9734038519859314,
        0.9693395066261291,
        0.9366867649555206,
        0.9876679682731628,
        0.9816784501075745,
        0.9474402046203614,
        0.945118213891983,
        0.9568092083930969,
        0.9609264349937439,
        0.9212152731418609,
        0.9686167550086975,
        0.932116243839264,
        0.9583147692680359,
        0.9733395206928254,
        0.9415623259544372,
        0.932505476474762,
        0.9594018530845642,
        0.919095367193222,
        0.9644578790664673,
        0.9413955044746399,
        0.9690018093585968,
        0.8893964850902557,
        0.941789163351059,
        0.9098669874668122,
        0.91385213971138,
        0.8947030651569366,
        0.928960794210434,
        0.9463233351707458,
        0.9092933797836303,
        0.8816299712657929,
        0.8495924293994903,
        0.8713087117671967,
        0.8764674997329712,
        0.8834677505493164,
        0.8856897866725921,
        0.8460219991207123
    ],
    "val_loss": [
        1.6249775035040719,
        1.557825701577323,
        1.4644940069743566,
        1.4558829750333513,
        1.3108651552881514,
        1.237303614616394,
        1.1628854615347726,
        1.0986266221318925,
        1.045342539037977,
        1.0465293611798967,
        1.1305227620261056,
        1.0123866200447083,
        0.9647389565195356,
        0.938404551574162,
        0.9543821896825518,
        0.9229477899415153,
        0.9224312475749424,
        0.9279787370136806,
        0.9157551186425346,
        0.8945899520601545,
        0.9580707975796291,
        0.8990870203290667,
        0.866729165826525,
        0.889152501310621,
        0.8663694517953056,
        0.8812989337103707,
        0.862310562814985,
        0.8675744959286281,
        0.8456226416996547,
        0.8514957427978516,
        0.8476253322192601,
        0.8471679261752537,
        0.8390660115650722,
        0.8376551015036446,
        0.8284587689808437,
        0.8255889671189445,
        0.8496887002672467,
        0.864211448601314,
        0.8279047863824027,
        0.8232506087848118,
        0.8519150274140495,
        0.816376941544669,
        0.8502132296562195,
        0.8399604303496224,
        0.811914997441428,
        0.8220931206430707,
        0.8684542860303607,
        0.833982527256012,
        0.8092381613595145,
        0.8085804326193673,
        0.8082498056547982,
        0.8137347017015729,
        0.8124082173619952,
        0.7997383730752128,
        0.8545349580901009,
        0.8593648246356419,
        0.7970745393208095,
        0.7949610948562622,
        0.8081071036202567,
        0.8033189262662616,
        0.8162204112325396,
        0.806411121572767,
        0.783683044569833,
        0.7903708900724139,
        0.7809038417679923,
        0.7778397713388715,
        0.7845548902239118,
        0.7856501085417611,
        0.7768160956246513,
        0.7796771270888192
    ]
}