{
    "train_loss": [
        1.53485216628546,
        1.3482175435142956,
        1.2368969184228744,
        1.1591226040631875,
        1.086274446427137,
        1.0250221100346795,
        0.9753294039046627,
        0.9321509421556845,
        0.8892528921708294,
        0.8306150727573482,
        0.8235615779613626,
        0.7529215148125572,
        0.740402609452434,
        0.6951286833861778,
        0.6689015448778525,
        0.621826878909407,
        0.6004057923952738,
        0.565321749311754,
        0.5365194489901093,
        0.5155241316419908
    ],
    "val_loss": [
        1.4211900359705876,
        1.2808495446255332,
        1.19975724659468,
        1.149764271158921,
        1.0927750593737553,
        1.0561349297824658,
        1.0145529100769444,
        0.987297911393015,
        0.9731023123389796,
        0.9522299421461005,
        0.9391052362165953,
        0.9310323784225866,
        0.9256086757308558,
        0.9113596489554957,
        0.8986150418457232,
        0.9163202188516918,
        0.9242716761011827,
        0.9203190803527832,
        0.9111272473084299,
        0.9167515808030179
    ],
    "val_acc": [
        0.4781144781144781,
        0.5521885521885522,
        0.5757575757575758,
        0.6060606060606061,
        0.6094276094276094,
        0.6296296296296297,
        0.6026936026936027,
        0.6060606060606061,
        0.6127946127946128,
        0.632996632996633,
        0.6262626262626263,
        0.6363636363636364,
        0.6430976430976431,
        0.6632996632996633,
        0.6565656565656566,
        0.6430976430976431,
        0.6734006734006734,
        0.6599326599326599,
        0.67003367003367,
        0.6666666666666666
    ],
    "val_precision": [
        0.4276288270929328,
        0.49769880972917024,
        0.5074618108783585,
        0.554169969211651,
        0.5578553704360155,
        0.5811276581882103,
        0.5625184141739752,
        0.5675599128540305,
        0.5692021131130816,
        0.5917095626700146,
        0.5816575168078928,
        0.5911093408757295,
        0.6008872359361864,
        0.6218119451170299,
        0.6097640991880624,
        0.594043844072383,
        0.6307323774230791,
        0.6086996336996338,
        0.6263057113452416,
        0.6234071950814224
    ],
    "val_recall": [
        0.43832032599638227,
        0.5059130879553415,
        0.5329122885460913,
        0.5729256007425021,
        0.5790763943932957,
        0.604876057692959,
        0.5835436863605878,
        0.5950937104106119,
        0.5932449071533579,
        0.6189543828628337,
        0.6041425319594333,
        0.6115950755035262,
        0.6181246570331078,
        0.6410503424587931,
        0.629831006239457,
        0.6128096017180524,
        0.6344365858450366,
        0.6236261000345508,
        0.6352242241326748,
        0.6381763645848152
    ],
    "val_f1": [
        0.40505338579828154,
        0.4833346490746906,
        0.5035527466750324,
        0.5481519908642501,
        0.5596727496062787,
        0.5851571070250908,
        0.5606578031134078,
        0.5662634062529264,
        0.5699017380468994,
        0.5933632783256843,
        0.5843076702393409,
        0.5958391403342114,
        0.6042097792917465,
        0.623436694105754,
        0.6136025432599044,
        0.598295457040599,
        0.631055360907521,
        0.6137322312529266,
        0.6298239752492841,
        0.6284860705719879
    ]
}