{
    "train_loss": [
        1.3184437971005494,
        1.0688444410247364,
        0.9537589577422745,
        0.8804489798929499,
        0.8212838929960098,
        0.7358528680499943,
        0.6955738504385126,
        0.6110423887255548,
        0.5920472878149186,
        0.5762920490969187,
        0.49806797196125163,
        0.45069222272127524,
        0.4266479443544629
    ],
    "val_loss": [
        1.1378462753797833,
        1.0234308148685254,
        0.9820171814215811,
        0.9689575245505885,
        0.945722802689201,
        0.943780370448765,
        0.9325672184166155,
        0.9016766814809096,
        0.9154058773266641,
        0.929227341162531,
        0.9535372492514158,
        0.9653539892874266,
        0.9575919744215513
    ],
    "val_acc": [
        0.5824915824915825,
        0.6262626262626263,
        0.632996632996633,
        0.6498316498316499,
        0.67003367003367,
        0.6632996632996633,
        0.6632996632996633,
        0.696969696969697,
        0.6801346801346801,
        0.6767676767676768,
        0.6801346801346801,
        0.6801346801346801,
        0.6868686868686869
    ],
    "val_precision": [
        0.5507934272300469,
        0.5823057498057498,
        0.5886041315573035,
        0.6044628662275721,
        0.6341852521599357,
        0.6245385773612182,
        0.6249548012962648,
        0.6601349760849422,
        0.6405681048160733,
        0.6316561640907717,
        0.6368422397358542,
        0.6312378815193231,
        0.6505204006184042
    ],
    "val_recall": [
        0.5654789850212385,
        0.6053991457160471,
        0.6021944800113813,
        0.6167988571157585,
        0.6517014545183559,
        0.6353474381643396,
        0.6460828099912608,
        0.679818981227432,
        0.6585316613485628,
        0.6445496209580716,
        0.6494287272456287,
        0.6363635516804531,
        0.6565956344125358
    ],
    "val_f1": [
        0.5417557985750574,
        0.5829168054760878,
        0.5879222931289613,
        0.6046492624257584,
        0.6392701819381567,
        0.6254219285044386,
        0.6260314235416169,
        0.6629968733270952,
        0.6456704456072421,
        0.6352955469304232,
        0.6388416222798317,
        0.6324613561545867,
        0.6505901218052743
    ]
}