{
    "train_loss": [
        1.2676244378089905,
        0.9662936288734962,
        0.7959000214763071,
        0.6457803413785738,
        0.5555606588892553,
        0.4180037235391551,
        0.3658117945680673,
        0.268876768306069
    ],
    "val_loss": [
        1.0482241636828373,
        0.9833020693377444,
        0.9288009342394377,
        0.9448163038805911,
        1.0012855121963902,
        1.0345266743710166,
        1.0941742203737561,
        1.1536150323717218
    ],
    "val_acc": [
        0.6094276094276094,
        0.6127946127946128,
        0.6599326599326599,
        0.6498316498316499,
        0.6936026936026936,
        0.6835016835016835,
        0.6835016835016835,
        0.6936026936026936
    ],
    "val_precision": [
        0.5624300699300699,
        0.574432557494216,
        0.6179967893590186,
        0.623017832965955,
        0.6480583422742393,
        0.6354299295475767,
        0.6335884369460578,
        0.6557186147186147
    ],
    "val_recall": [
        0.5841208869377883,
        0.584857461265912,
        0.6341689869858883,
        0.64331400863091,
        0.6375239653408667,
        0.6406204059373073,
        0.636754364571266,
        0.642204658930011
    ],
    "val_f1": [
        0.5596244941172236,
        0.5649559049225232,
        0.6200078517973255,
        0.6154198198206722,
        0.6401870858987875,
        0.6372714853028427,
        0.6323110157040653,
        0.6464614273750694
    ]
}