{
    "train_loss": [
        1.5460798603364792,
        1.3724065416160671,
        1.2448790374843555,
        1.1654634304430294,
        1.0882229852950436,
        1.0213786363601685,
        0.9624114063964493,
        0.8996614224609287,
        0.8497477632829513,
        0.7832346561996416,
        0.7436164994349425,
        0.6912210001342598,
        0.6222742193046658,
        0.5651541353984811,
        0.543937075069581,
        0.49891442694198124
    ],
    "val_loss": [
        1.451710205329092,
        1.3330370125017668,
        1.2261769081416882,
        1.1750907333273637,
        1.1275848495332819,
        1.08136080440722,
        1.0641504463396574,
        1.0414151831677085,
        1.0309445010988336,
        1.022824532107303,
        0.9962218246961895,
        1.0213760764975297,
        1.0198674233336198,
        1.0385180931342275,
        1.0398994935186285,
        1.0581510537549068
    ],
    "val_acc": [
        0.5555555555555556,
        0.5589225589225589,
        0.5622895622895623,
        0.6026936026936027,
        0.5925925925925926,
        0.6026936026936027,
        0.6060606060606061,
        0.622895622895623,
        0.5858585858585859,
        0.6161616161616161,
        0.6296296296296297,
        0.5892255892255892,
        0.6195286195286195,
        0.6060606060606061,
        0.6262626262626263,
        0.6195286195286195
    ],
    "val_precision": [
        0.5265971247246288,
        0.5248168855186399,
        0.5116588769220349,
        0.5818965008086002,
        0.5443863290438633,
        0.5486540812616318,
        0.568519740427385,
        0.5827218743380156,
        0.554888683304066,
        0.566517013467368,
        0.5878113947138874,
        0.5534309744118391,
        0.5639522828232506,
        0.5410798438022297,
        0.5807374350471133,
        0.5613106088544685
    ],
    "val_recall": [
        0.518710410611819,
        0.5238692254537326,
        0.5136209512970076,
        0.5821725809401865,
        0.5686055728309249,
        0.5716358758612279,
        0.5963442269780298,
        0.6008596189934219,
        0.5761241692579719,
        0.5817097873435901,
        0.6067638998977027,
        0.5760580316918344,
        0.580919100461354,
        0.5666905473243501,
        0.5965606771944799,
        0.5778557709895737
    ],
    "val_f1": [
        0.5191022770786148,
        0.5152711809361425,
        0.5070042890418849,
        0.5771058414514565,
        0.5494289050891555,
        0.5558565213822539,
        0.5684860331447383,
        0.5861386837061529,
        0.5440561995549208,
        0.5651248943960225,
        0.5907783003531765,
        0.5473791370424946,
        0.5642286504676479,
        0.5474153109055071,
        0.5825394400045898,
        0.565824298257685
    ]
}