{
    "train_loss": [
        1.5513175588914718,
        1.3819924908122798,
        1.2859631461658696,
        1.2212347189585369,
        1.160208595895219,
        1.1091417642845505,
        1.075863871766233,
        1.0530527775315033,
        1.0134366901441552,
        0.9892158439789696,
        0.9713403363337462,
        0.9345223704973856,
        0.9071644667921395,
        0.8960928204415859,
        0.880732550703246,
        0.8459815307595264,
        0.8456066634463167,
        0.7889406985935123,
        0.8121888020942951,
        0.7606519159229322,
        0.7318927436724476,
        0.7240808304698988,
        0.7240472021459163,
        0.7048268835434969,
        0.6900725731219368,
        0.6856430686753372,
        0.6565696655333727,
        0.6468104593370153,
        0.610361704196053,
        0.6129235721182549,
        0.571587887646138,
        0.5775939709153669
    ],
    "val_loss": [
        1.4288719139601056,
        1.3138275334709568,
        1.2365677388090837,
        1.1910457077779268,
        1.145358223664133,
        1.1272242853516026,
        1.10158918405834,
        1.0653684045139111,
        1.034371859148929,
        1.0243116083898043,
        1.0013554943235297,
        0.985174624543441,
        0.977910926467494,
        0.9658592970747697,
        0.9645524777864155,
        0.9518973262686479,
        0.9394336170271823,
        0.930384990416075,
        0.9372330198162481,
        0.9280182374151129,
        0.9206539580696508,
        0.9119332401376021,
        0.905651403100867,
        0.8987716765780198,
        0.9046229578946766,
        0.9037499019974157,
        0.8919177306325812,
        0.9024734920576999,
        0.903236017415398,
        0.9066863608987707,
        0.9156537934353477,
        0.9075834406049628
    ],
    "val_acc": [
        0.5016835016835017,
        0.5521885521885522,
        0.5892255892255892,
        0.5892255892255892,
        0.6060606060606061,
        0.5791245791245792,
        0.5892255892255892,
        0.622895622895623,
        0.6127946127946128,
        0.6127946127946128,
        0.6363636363636364,
        0.632996632996633,
        0.6161616161616161,
        0.632996632996633,
        0.6296296296296297,
        0.632996632996633,
        0.632996632996633,
        0.6430976430976431,
        0.6464646464646465,
        0.6666666666666666,
        0.6599326599326599,
        0.6666666666666666,
        0.6801346801346801,
        0.6868686868686869,
        0.6868686868686869,
        0.6801346801346801,
        0.6801346801346801,
        0.6868686868686869,
        0.6868686868686869,
        0.6835016835016835,
        0.6902356902356902,
        0.7003367003367004
    ],
    "val_precision": [
        0.4429934640522877,
        0.49823614294202534,
        0.5384987932089381,
        0.5385882083827289,
        0.5472478991596639,
        0.5262392560003263,
        0.5455085712402161,
        0.5666932726267764,
        0.5550117096018734,
        0.5714137698777035,
        0.5917543848211997,
        0.5870426189209367,
        0.5696658237485386,
        0.5888489413944312,
        0.5901631735473198,
        0.5851108152140692,
        0.5837795282199881,
        0.5973926854648617,
        0.5976596116868592,
        0.6276645254906124,
        0.6180218869090535,
        0.621764084183439,
        0.6295050171967521,
        0.6476673863770638,
        0.6463093135344498,
        0.6383490763490764,
        0.6387533388882979,
        0.6469883040935672,
        0.6442036624529819,
        0.6395643274853801,
        0.6481927892960934,
        0.6563706141422911
    ],
    "val_recall": [
        0.4589251841012404,
        0.5159118007709557,
        0.544245777696482,
        0.5541634487057021,
        0.5615678922016951,
        0.54573704855395,
        0.5590367118536133,
        0.5822209350378365,
        0.5726189629358645,
        0.5825215603384617,
        0.6109486887655902,
        0.5993986647155662,
        0.5838924117093132,
        0.6049902953071967,
        0.6089344992514005,
        0.601749554566456,
        0.601749554566456,
        0.6178450331619346,
        0.6140812043981058,
        0.645298135615037,
        0.6318301221470236,
        0.6371872650041663,
        0.6379027532196546,
        0.6643337296506312,
        0.6626321904490918,
        0.6537517190686205,
        0.6561026089195103,
        0.6620850524019538,
        0.6616401269570283,
        0.6504448407617422,
        0.6605699008868023,
        0.6659510937679951
    ],
    "val_f1": [
        0.4474655417046722,
        0.5018408492092703,
        0.5214317813099887,
        0.5424520747820465,
        0.5455539698396841,
        0.5279088846112361,
        0.5427322143551045,
        0.569482549040477,
        0.5579770416410572,
        0.5681089798736858,
        0.5938328478922081,
        0.5866692701664532,
        0.5705612702521657,
        0.588245636716225,
        0.5911420362560641,
        0.5869184355402736,
        0.5874524027854698,
        0.6024929954151809,
        0.6023161964077367,
        0.6305658305988413,
        0.6205401323301476,
        0.6270459013914096,
        0.6326016879765967,
        0.6528292528014734,
        0.6513265824995115,
        0.6419673273591828,
        0.6449494460341919,
        0.6509996141352141,
        0.6489851012113297,
        0.6435954706596422,
        0.6516755318042422,
        0.6599975655457122
    ]
}