{
    "train_loss": [
        1.386401979402564,
        1.1088297976844612,
        0.9754873938944147,
        0.8681254188219706,
        0.7819251109813822,
        0.6885113914807638,
        0.6066111970221859,
        0.544626075645973,
        0.5093874691546648,
        0.44929502373454216,
        0.39166724544832077,
        0.34605198199379034
    ],
    "val_loss": [
        1.2031469941139221,
        1.066136200177042,
        1.021442789780466,
        0.9663483233828294,
        0.9326390435821131,
        0.9387880046116678,
        0.8985563767583746,
        0.9035706300484506,
        0.9218785998068357,
        0.9578138919253099,
        0.9873263631996355,
        0.9732302356707422
    ],
    "val_acc": [
        0.5858585858585859,
        0.6127946127946128,
        0.6397306397306397,
        0.6430976430976431,
        0.6565656565656566,
        0.67003367003367,
        0.6835016835016835,
        0.6767676767676768,
        0.6801346801346801,
        0.6902356902356902,
        0.696969696969697,
        0.6868686868686869
    ],
    "val_precision": [
        0.5329746360358553,
        0.5752365947860876,
        0.6024680715197956,
        0.5989954816699982,
        0.6141321890996687,
        0.63043443429468,
        0.6352109992859767,
        0.629663240129203,
        0.6379989369060406,
        0.6508328826483765,
        0.654181920522346,
        0.6460420633221873
    ],
    "val_recall": [
        0.5481119037457065,
        0.5939693717862731,
        0.6205927484096498,
        0.6138798277882784,
        0.6308110447194955,
        0.635305350622252,
        0.6421566435650943,
        0.6458062347146855,
        0.6508627522712029,
        0.6572269475438489,
        0.6557478710647725,
        0.6484727387896402
    ],
    "val_f1": [
        0.5312691203252079,
        0.5673335963442097,
        0.5907944793112258,
        0.6014656934058483,
        0.6163947898434089,
        0.6300297833398998,
        0.6373240572696108,
        0.6328122576521683,
        0.6363827495706603,
        0.648721283745476,
        0.6538709168750665,
        0.6463909902846419
    ]
}