{
    "train_loss": [
        1.201395201271978,
        0.8727894874139764,
        0.6212242783486158,
        0.43167766962928333,
        0.3268832391363451,
        0.2658216689938101,
        0.18278537776278353
    ],
    "val_loss": [
        1.0430988763508044,
        0.9518090815920579,
        1.037606760075218,
        1.1244927440818988,
        1.1985847338249809,
        1.3719252991048914,
        1.3470351429362046
    ],
    "val_acc": [
        0.632996632996633,
        0.6430976430976431,
        0.6464646464646465,
        0.67003367003367,
        0.6363636363636364,
        0.67003367003367,
        0.7104377104377104
    ],
    "val_precision": [
        0.6115091736209151,
        0.6100955568998889,
        0.6179281378952431,
        0.6511770250314726,
        0.6096502291765449,
        0.6315343607738506,
        0.6802892683955303
    ],
    "val_recall": [
        0.6258897662066676,
        0.6175804828973843,
        0.630314970631872,
        0.6286314689483704,
        0.6086217642555669,
        0.623057791191594,
        0.6599686502855517
    ],
    "val_f1": [
        0.6056925751924271,
        0.6030513638816533,
        0.6098768285388003,
        0.6258443559388571,
        0.6018028013746541,
        0.625435682067893,
        0.6640906776507188
    ]
}