{
    "train_loss": [
        1.3143262383581578,
        1.118096279001784,
        1.0270116219575378,
        0.9997152199690369,
        0.9700203770878671,
        0.9510832497443276,
        0.914927436017442,
        0.8820199815706274,
        0.8784584827806757,
        0.853973261926366,
        0.8878569719435154,
        0.8611954104626316,
        0.8442337266330061
    ],
    "val_loss": [
        1.1624531902764972,
        1.1205964904082448,
        1.0746846669598629,
        1.0816789112593,
        1.0554826196871305,
        1.041922832790174,
        1.0402220864044993,
        1.0317592840445668,
        1.0366922271879095,
        1.0547019023644297,
        1.0489521936366433,
        1.0466173699027614,
        1.0470360548872697
    ],
    "val_acc": [
        0.569023569023569,
        0.6026936026936027,
        0.569023569023569,
        0.5925925925925926,
        0.6161616161616161,
        0.6363636363636364,
        0.6296296296296297,
        0.6195286195286195,
        0.6464646464646465,
        0.6094276094276094,
        0.6127946127946128,
        0.6262626262626263,
        0.6296296296296297
    ],
    "val_precision": [
        0.532494478204644,
        0.5399558997027352,
        0.5274761904761905,
        0.5302413178836188,
        0.569510687157746,
        0.5769544794636258,
        0.5724520072211846,
        0.567518448146348,
        0.5926323055683387,
        0.5487069999412607,
        0.5515935214211075,
        0.5650619365348689,
        0.5749257619089614
    ],
    "val_recall": [
        0.544576550210353,
        0.550204340521242,
        0.5514369042538056,
        0.5421175199344213,
        0.5750479306817334,
        0.5849205502374517,
        0.5799301702470716,
        0.5801315468568989,
        0.6044491697660712,
        0.561694239511141,
        0.5601790879959894,
        0.5658368561537576,
        0.5837060240229255
    ],
    "val_f1": [
        0.5179022920996356,
        0.5350518778580822,
        0.523150051792573,
        0.5292273221480887,
        0.5613852086196062,
        0.5791975200960842,
        0.571253190293729,
        0.5706331309702255,
        0.5958932859230195,
        0.5512724824843664,
        0.5530487085513147,
        0.5634502772908497,
        0.5773316110066593
    ]
}