{
    "train_loss": [
        1.5876920278044953,
        1.437834504006923,
        1.352773451257026,
        1.2939912834386715,
        1.2722894309581012,
        1.2352668142866814,
        1.2116668429867974,
        1.1854694787113147,
        1.1512749160843334,
        1.1309729547336185,
        1.1212751837982529,
        1.1005136096614532,
        1.0773685334742755,
        1.0750129078996593,
        1.048909243495985,
        1.0340941829242924,
        1.0227726876050576,
        1.002529813640419,
        0.9990917992317814,
        0.9757095684950379,
        0.9723800201525633,
        0.9589647171141087,
        0.9457014675798088,
        0.9421496487211907,
        0.9190653939356749,
        0.9061779249673603
    ],
    "val_loss": [
        1.4767983085230778,
        1.382730615766425,
        1.3202413446024845,
        1.2829011992404336,
        1.257447832509091,
        1.2316418635217767,
        1.2136621036027606,
        1.1965812821137278,
        1.1887249287806059,
        1.175642534306175,
        1.158746129588077,
        1.1565325040566294,
        1.1530053145007084,
        1.144932624540831,
        1.1389899912633394,
        1.1281848769438894,
        1.1294758257113005,
        1.1230025605151528,
        1.1243375477037931,
        1.1176395447630632,
        1.101824453002528,
        1.1128392533252114,
        1.109642339380164,
        1.1100836929522062,
        1.1183707682709945,
        1.1078802221699764
    ],
    "val_acc": [
        0.4713804713804714,
        0.5252525252525253,
        0.5757575757575758,
        0.5791245791245792,
        0.5858585858585859,
        0.5892255892255892,
        0.5959595959595959,
        0.6026936026936027,
        0.5925925925925926,
        0.6060606060606061,
        0.6026936026936027,
        0.6262626262626263,
        0.6262626262626263,
        0.6262626262626263,
        0.632996632996633,
        0.6464646464646465,
        0.6397306397306397,
        0.6632996632996633,
        0.6565656565656566,
        0.6835016835016835,
        0.6734006734006734,
        0.6868686868686869,
        0.6936026936026936,
        0.6801346801346801,
        0.6868686868686869,
        0.6936026936026936
    ],
    "val_precision": [
        0.45683539337150103,
        0.5006668281665523,
        0.5293804722714465,
        0.5472606398325891,
        0.5555076686580722,
        0.5444432823785308,
        0.5565267487913756,
        0.5589313139714667,
        0.5547472577547765,
        0.5697490449903484,
        0.56956098230902,
        0.593473222145729,
        0.5927377521546522,
        0.5858358675769442,
        0.5969465685383151,
        0.6175357920946156,
        0.6054596284624127,
        0.6216987179487179,
        0.6186165968773336,
        0.6413336909445216,
        0.6469227733287408,
        0.6419235115437647,
        0.6510226987340753,
        0.6457185952598434,
        0.6437709604013951,
        0.6532318273247828
    ],
    "val_recall": [
        0.4651361028121591,
        0.5123223346814896,
        0.5482260566767609,
        0.5535591495098537,
        0.5696487849656864,
        0.5641743558997081,
        0.5790884194053207,
        0.5778618681787696,
        0.5733825511994526,
        0.5901394054563068,
        0.5906624934793949,
        0.6122534025703039,
        0.6113515266684281,
        0.6046776449945463,
        0.6121091024260037,
        0.6339104492273506,
        0.62332843864534,
        0.6391473419642433,
        0.6354135757304772,
        0.657383272700174,
        0.6680554708723723,
        0.6567699970868985,
        0.6660953939122953,
        0.6632214160383174,
        0.659746187563089,
        0.6712300740469755
    ],
    "val_f1": [
        0.43039130173560836,
        0.48633556563141694,
        0.5301721192820852,
        0.5315043161402209,
        0.5371600096374056,
        0.5459715071502791,
        0.5553788638341616,
        0.5561144764587106,
        0.5471410195359661,
        0.5660092180422818,
        0.5648716964830159,
        0.5892021613535361,
        0.5885755871933371,
        0.5850151162628986,
        0.592937112295034,
        0.6112082644760763,
        0.6034649243737316,
        0.6238860121458764,
        0.6169743471677396,
        0.6435709244466756,
        0.6401549940077442,
        0.6441088223370832,
        0.6524615384615384,
        0.6446781726263942,
        0.6471423658607296,
        0.6556582495095788
    ]
}