{
    "train_loss": [
        3.6706206620424644,
        1.5692180819895076,
        1.3499826158600292,
        1.2488435362947399,
        1.1544648662380788,
        1.0920131350385731,
        1.0291047856725495,
        1.049726553346919,
        0.9675463095478628,
        0.9251441092326723,
        0.9448406189337544,
        0.8971551560807502,
        0.87933860565054,
        0.868840339540065,
        0.8486346492822143,
        0.8840917513288301,
        0.8456773538699095,
        0.8797533834117582,
        0.8416337562703539,
        0.8390156489679184,
        0.8262164750318418,
        0.8135282547994592,
        0.8026226334188177,
        0.8234830498695374,
        0.8235874724114078,
        0.8193412662922651,
        0.808334162865562,
        0.786607880701964,
        0.7783560485675417,
        0.7882584723932989,
        0.7635085486817634,
        0.7742560944337954,
        0.7726622819900513,
        0.7397055608787756,
        0.738909817290032,
        0.7580080888737207,
        0.7480797301763775,
        0.7538141621940437,
        0.7685282182419437,
        0.7553979994236738,
        0.7440303022834076,
        0.715366644420843,
        0.7406529948629182,
        0.7324223419030508,
        0.7292768417418688,
        0.7571936592288401,
        0.7209764993053743,
        0.7354731789265556,
        0.7278991355293098,
        0.7454217261281507,
        0.7538431047023028,
        0.7285254118086277
    ],
    "val_loss": [
        1.1081571077045642,
        1.053046951168462,
        0.9982214162224218,
        0.9134769690664191,
        0.816428193920537,
        0.7926804737040871,
        0.7566101645168505,
        0.7292172846041227,
        0.7041862481518796,
        0.685055379804812,
        0.6755838080456382,
        0.688505724856728,
        0.6592945832955209,
        0.7329520489040174,
        0.6416033349539104,
        0.6365637606696078,
        0.6423051937630302,
        0.6293030553742459,
        0.6492623843644795,
        0.6148526213671032,
        0.6499262703092474,
        0.605615076265837,
        0.6210113967719831,
        0.618414348677585,
        0.6117337549987593,
        0.6026906559341833,
        0.6313912758701726,
        0.5900494377864035,
        0.5912407166079471,
        0.5980019475284376,
        0.6172060841008237,
        0.6260526588088587,
        0.5763354583790428,
        0.5770399492037924,
        0.5757170727378443,
        0.5780608716763949,
        0.57246795767232,
        0.5750759385134044,
        0.5760048784707722,
        0.5793651750213221,
        0.5763748288154602,
        0.5682306681808672,
        0.5680960244254062,
        0.5668184318040547,
        0.566989214796769,
        0.5668854619327345,
        0.566321346320604,
        0.5684755522953836,
        0.5841415273515802,
        0.5798209089981882,
        0.5824173892799177,
        0.5682955619535948
    ]
}