{
    "train_loss": [
        1.2346493437372406,
        0.74511782910632,
        0.3989204937356642,
        0.19960390463813968,
        0.12128638559631233,
        0.061990435411832454
    ],
    "val_loss": [
        0.990078468071787,
        1.0447608107014705,
        1.5189673210445203,
        1.7201855857121318,
        1.5123784353858547,
        1.5818577502903186
    ],
    "val_acc": [
        0.5892255892255892,
        0.5791245791245792,
        0.6262626262626263,
        0.6262626262626263,
        0.6531986531986532,
        0.6531986531986532
    ],
    "val_precision": [
        0.5794871794871794,
        0.6018239374437399,
        0.5732212645434724,
        0.5916479925303455,
        0.6013197113637558,
        0.6150426301340935
    ],
    "val_recall": [
        0.5885371149455656,
        0.6002344030513045,
        0.5323081587166094,
        0.543647491006646,
        0.6185455324539831,
        0.6264429167598182
    ],
    "val_f1": [
        0.5485854189520891,
        0.5538766773866834,
        0.5254860063683593,
        0.5522163865014361,
        0.6050812635042793,
        0.6100659768483527
    ]
}