{
    "train_loss": [
        1.393237873055469,
        1.177561244745364,
        1.0916056598740063,
        1.0228401292329548,
        0.978092820479952,
        0.9376589059829712,
        0.9035638933894278,
        0.8865730481586237,
        0.8537913245716314,
        0.8243829525750259,
        0.8014913684335249,
        0.7821377611708367,
        0.7466211956122826,
        0.7673256061542993,
        0.7280310943894003,
        0.7177610058208992,
        0.698259355007917
    ],
    "val_loss": [
        1.297179705218265,
        1.2552219535175122,
        1.2027885411915027,
        1.122368784327256,
        1.151378355528179,
        1.1500625484868099,
        1.092522476848803,
        1.1187673524806374,
        1.0822113470027321,
        1.1140663435584621,
        1.109997686586882,
        1.063413889784562,
        1.0855424153177362,
        1.0679146647453308,
        1.089178160617226,
        1.138583054668025,
        1.1098288925070512
    ],
    "val_acc": [
        0.468013468013468,
        0.4983164983164983,
        0.5925925925925926,
        0.5925925925925926,
        0.5824915824915825,
        0.5858585858585859,
        0.5824915824915825,
        0.5757575757575758,
        0.5993265993265994,
        0.5791245791245792,
        0.5892255892255892,
        0.5993265993265994,
        0.5892255892255892,
        0.6161616161616161,
        0.6060606060606061,
        0.5993265993265994,
        0.5824915824915825
    ],
    "val_precision": [
        0.4679532673243364,
        0.5295492689182002,
        0.5465975609756097,
        0.5517411380218066,
        0.542145229230735,
        0.543947418771619,
        0.5565209147713996,
        0.5390668580366589,
        0.55161899166247,
        0.542046291255088,
        0.5503080776358744,
        0.5674746326644485,
        0.5500294086755796,
        0.5815516391202283,
        0.5646098365541925,
        0.5552575103874694,
        0.5435443475701724
    ],
    "val_recall": [
        0.4713980854825925,
        0.5154547656308219,
        0.5383925607517157,
        0.5703069426660976,
        0.5627674294927816,
        0.5324974256312285,
        0.5765690947028975,
        0.5654429946683468,
        0.5717049773387801,
        0.5623225887310395,
        0.552711555528457,
        0.5918138460391982,
        0.5711127878381399,
        0.5787606954860476,
        0.5799360980699009,
        0.5684492476745998,
        0.5545633226971255
    ],
    "val_f1": [
        0.39404852008090874,
        0.43732410931785,
        0.5264309431741312,
        0.5542767883219379,
        0.5346018422781466,
        0.5229401812175946,
        0.539432643167996,
        0.5392218893504492,
        0.5561017848417983,
        0.5349033206144785,
        0.5357261269078262,
        0.5664427974826536,
        0.5464047588298472,
        0.5753366995499489,
        0.5585305671565672,
        0.5428734898758303,
        0.538347646277819
    ]
}