{
    "train_loss": [
        1.5714292156285252,
        1.423999957654668,
        1.3176267352597466,
        1.275855867342017,
        1.2215257060938869,
        1.1753300359879417,
        1.1431699443137509,
        1.1023083288094093,
        1.0708945708713313,
        1.031327354496923,
        0.9827985647080959,
        0.955591682044939,
        0.9229324562796231,
        0.8708876597470251,
        0.8545886839943371,
        0.8011132834971636,
        0.7669974818997
    ],
    "val_loss": [
        1.4918084332817478,
        1.4008155496496904,
        1.3260154661379362,
        1.30535846634915,
        1.2598921060562134,
        1.2629343522222418,
        1.2329210607629073,
        1.204572464290418,
        1.2083170037520559,
        1.20502255464855,
        1.1936450286915428,
        1.1924972063616703,
        1.1927895891038995,
        1.2062650542510183,
        1.2169667607859562,
        1.2010029177916677,
        1.2119475352136713
    ],
    "val_acc": [
        0.5050505050505051,
        0.49158249158249157,
        0.531986531986532,
        0.5589225589225589,
        0.5622895622895623,
        0.5925925925925926,
        0.5824915824915825,
        0.6161616161616161,
        0.6060606060606061,
        0.5656565656565656,
        0.5757575757575758,
        0.6060606060606061,
        0.6094276094276094,
        0.6026936026936027,
        0.5993265993265994,
        0.6195286195286195,
        0.622895622895623
    ],
    "val_precision": [
        0.47639437346754415,
        0.46510281079041693,
        0.49566542590263085,
        0.527866202098775,
        0.5400628357150097,
        0.5536992904434765,
        0.5490789016618555,
        0.570961441021341,
        0.5663205952333251,
        0.5528204375662004,
        0.5424070112893642,
        0.5727746899180889,
        0.57131518000167,
        0.5665268232665928,
        0.5688451866279718,
        0.580052455341393,
        0.5862787551893396
    ],
    "val_recall": [
        0.5166150946080524,
        0.49254711772317405,
        0.5163235304080375,
        0.562442669484923,
        0.5646220758896815,
        0.5871601663855184,
        0.5814242356495878,
        0.596401303443557,
        0.593906113448367,
        0.5787186079439601,
        0.5720145790568326,
        0.5934611880034415,
        0.5965456035878571,
        0.5860537805960341,
        0.5903527223949758,
        0.6029188599611135,
        0.6117632563055098
    ],
    "val_f1": [
        0.46869299640197476,
        0.44798845434556817,
        0.4922446217798087,
        0.5179007267242561,
        0.529840293852269,
        0.5498729965195872,
        0.545553489240583,
        0.5754103548672858,
        0.5677702064920109,
        0.5344163581879077,
        0.5382131747505448,
        0.5678695728861755,
        0.5689260511994325,
        0.562799338772463,
        0.5625047639515725,
        0.5783329368750275,
        0.5854985810238768
    ]
}