{
    "train_loss": [
        1.5629200455786167,
        1.4055006997338657,
        1.2911929782779736,
        1.215849498907725,
        1.1570025127509544,
        1.1128796777505985,
        1.0679037413377872,
        1.035863790703916,
        1.012548624098986,
        0.9886950179078113,
        0.9729582331646448,
        0.913630607484401,
        0.9087883425855089,
        0.8934399273203707,
        0.8448317338680399,
        0.8574264823705301,
        0.8316037339725714,
        0.79679594608559,
        0.7928282961078074,
        0.7859350514822993,
        0.7652228269083746,
        0.7332952073935805,
        0.7073652644952139,
        0.7165691999868414,
        0.6897480802974482,
        0.6633006060260466,
        0.6518223035609585,
        0.6406381794776039,
        0.6055902122766122,
        0.6247349586980097,
        0.5805291069307547,
        0.5957063446784842,
        0.6163545802406881,
        0.5328441234840744
    ],
    "val_loss": [
        1.453622121559946,
        1.3229714883001227,
        1.2439822209508795,
        1.1857025811546726,
        1.1517324729969627,
        1.1140648910873814,
        1.0844758341186924,
        1.0617408093653227,
        1.0464447077951933,
        1.0214552095061855,
        0.9952016755154258,
        0.9808657483050698,
        0.9820953984009592,
        0.9717848191135808,
        0.9471073950591841,
        0.940885625387493,
        0.9348309824341222,
        0.9343250315440329,
        0.9178472522057985,
        0.9140570681346091,
        0.9164668823543348,
        0.9077373523461191,
        0.9018292380006689,
        0.9031390516381514,
        0.8995817444826427,
        0.9027672410011292,
        0.8953926029958224,
        0.8973645018903833,
        0.8912433527017894,
        0.9031508831601394,
        0.9067635740104475,
        0.9079440761553613,
        0.9105132049635837,
        0.9128526527630655
    ],
    "val_acc": [
        0.5016835016835017,
        0.5589225589225589,
        0.5622895622895623,
        0.5925925925925926,
        0.6060606060606061,
        0.6060606060606061,
        0.6026936026936027,
        0.6060606060606061,
        0.622895622895623,
        0.6161616161616161,
        0.632996632996633,
        0.632996632996633,
        0.6195286195286195,
        0.6430976430976431,
        0.6464646464646465,
        0.6464646464646465,
        0.6599326599326599,
        0.6599326599326599,
        0.6666666666666666,
        0.6632996632996633,
        0.67003367003367,
        0.67003367003367,
        0.6767676767676768,
        0.6868686868686869,
        0.6868686868686869,
        0.6801346801346801,
        0.6835016835016835,
        0.6902356902356902,
        0.7003367003367004,
        0.6936026936026936,
        0.7003367003367004,
        0.7070707070707071,
        0.696969696969697,
        0.6902356902356902
    ],
    "val_precision": [
        0.44244424833261126,
        0.4989338753291618,
        0.502898837695998,
        0.5311030072099181,
        0.5405475061116776,
        0.5524102870813398,
        0.5515821263997631,
        0.5547962133326892,
        0.575946323321682,
        0.5707563025210083,
        0.5771286264596125,
        0.5915695415695416,
        0.5638006503361594,
        0.5923201645569377,
        0.6021281020533521,
        0.5934601281379699,
        0.6156365076147278,
        0.6176080365926966,
        0.6240473001755963,
        0.6194285919972387,
        0.6212328995662328,
        0.6290486236688768,
        0.6346021495944536,
        0.6382261287166869,
        0.6423215184123598,
        0.6306198547215496,
        0.6341125794601608,
        0.6415738951809904,
        0.6508930422114085,
        0.6474186263715993,
        0.6513387241689129,
        0.6605016113212835,
        0.6463312807881774,
        0.6434231200897867
    ],
    "val_recall": [
        0.46991020195245553,
        0.51649814713195,
        0.5178689985028012,
        0.5441826887249422,
        0.5540042443211457,
        0.5675263703432718,
        0.5668710071879086,
        0.5718493621662636,
        0.589249554566456,
        0.5884919788088803,
        0.5940836094005107,
        0.6101249754418768,
        0.580850083666985,
        0.6085677363846378,
        0.6224566252735266,
        0.5990319018488032,
        0.6338984242153256,
        0.6354256007425021,
        0.6399830802999817,
        0.635816413633315,
        0.6365710254794762,
        0.6366641769810784,
        0.6477933256102271,
        0.6465908244077258,
        0.6565054468223481,
        0.6416876680961188,
        0.6471139124308138,
        0.652651430468332,
        0.6612733640902656,
        0.6522185300354315,
        0.6610058499143006,
        0.6678029456198471,
        0.6558471197555704,
        0.6518367782452289
    ],
    "val_f1": [
        0.445889724310777,
        0.5012944987044945,
        0.5079059829059829,
        0.5329911383921447,
        0.5419243560502627,
        0.5498803694017791,
        0.5544628319562217,
        0.555545547611224,
        0.5735219269894193,
        0.5699651393214045,
        0.580835274984349,
        0.5928384887465392,
        0.5678818154982753,
        0.5970018300332399,
        0.60548341719587,
        0.5955519665468221,
        0.6177872131022556,
        0.6227472171625177,
        0.6265453876333402,
        0.6218778887843536,
        0.6245647887630752,
        0.6266957773075786,
        0.6349599491417673,
        0.6413992502158291,
        0.6451230395963338,
        0.6333225073655433,
        0.6373779504532732,
        0.6452197090493907,
        0.6542561684739903,
        0.6475810289687023,
        0.6531224223374318,
        0.6627760689840291,
        0.6489986951831315,
        0.6452912264551747
    ]
}