{
    "train_loss": [
        1.270649859274941,
        0.9548402956162376,
        0.7618045937055828,
        0.6277023153058414,
        0.45881502141897706,
        0.3782230665286382,
        0.3027849281313776,
        0.2554641051710337,
        0.2052891369609312
    ],
    "val_loss": [
        1.0814492765225863,
        0.9567563502412093,
        0.9019360652095393,
        0.8825451582670212,
        0.9750436669901797,
        1.0546658423386122,
        1.0896932341550525,
        1.0652592989959215,
        1.1322686209490425
    ],
    "val_acc": [
        0.5925925925925926,
        0.6734006734006734,
        0.67003367003367,
        0.7003367003367004,
        0.7205387205387206,
        0.6936026936026936,
        0.7104377104377104,
        0.7070707070707071,
        0.7205387205387206
    ],
    "val_precision": [
        0.5841410420729889,
        0.6254592677255979,
        0.6314799800259212,
        0.6579821254014802,
        0.6905275005964662,
        0.6566116167147095,
        0.669289934611,
        0.6657900922606805,
        0.6860890767410293
    ],
    "val_recall": [
        0.5876021279190293,
        0.6315535468704482,
        0.6478474381643397,
        0.6749758652927668,
        0.6950065714150222,
        0.6491401269570283,
        0.6813370966539981,
        0.6816707483961004,
        0.679133470858823
    ],
    "val_f1": [
        0.5408726129737982,
        0.6270489136734988,
        0.6299956638222026,
        0.661597199528234,
        0.6893220488499205,
        0.6496460280597056,
        0.6737131617399125,
        0.6709125289326632,
        0.6813781040066936
    ]
}