{
    "train_loss": [
        1.255173350202626,
        0.9554703036944071,
        0.7731553436010733,
        0.5842640238931809,
        0.4610041832101756,
        0.40302149189272146,
        0.30431546801808235,
        0.2642053648743821,
        0.18881969547819819
    ],
    "val_loss": [
        1.0140239941446405,
        0.9238845345221067,
        0.8953575570332376,
        0.875827094441966,
        0.941503749081963,
        0.9944559469034797,
        1.116340289774694,
        1.1387326372297186,
        1.2059753701875084
    ],
    "val_acc": [
        0.6060606060606061,
        0.6296296296296297,
        0.6632996632996633,
        0.7003367003367004,
        0.6902356902356902,
        0.6666666666666666,
        0.7138047138047138,
        0.7037037037037037,
        0.7138047138047138
    ],
    "val_precision": [
        0.5715681940087447,
        0.5905438383127171,
        0.632332790666124,
        0.655611063503334,
        0.6531698217853059,
        0.6236021505376345,
        0.6729447320162201,
        0.6607034233497,
        0.673520461020461
    ],
    "val_recall": [
        0.5955506608675623,
        0.6074854853023867,
        0.6546626560711067,
        0.6692008956093463,
        0.6764399528484036,
        0.6405272544357052,
        0.670277134185585,
        0.6711098239267254,
        0.6729707368791875
    ],
    "val_f1": [
        0.5636925002142392,
        0.5914037498351128,
        0.6270109018704053,
        0.6607122171243489,
        0.6559495604641477,
        0.6243322915968077,
        0.6671543880267709,
        0.6647305362486893,
        0.6721009417238467
    ]
}