{
    "train_loss": [
        1.3890523074687213,
        1.187164155231125,
        1.1205874804792733,
        1.0684552459881222,
        1.0194952748287682,
        0.9762942201789768,
        0.948085040881716,
        0.9151311167355242,
        0.8779086367837314,
        0.8429948338146868,
        0.8114674358532347,
        0.7693947471421341,
        0.7667573734946634,
        0.7569411510023577,
        0.7133344826342045
    ],
    "val_loss": [
        1.2118580372709977,
        1.130744168632909,
        1.1094456252298857,
        1.1123218442264355,
        1.0666939208382054,
        1.0526102530328851,
        1.039064542243355,
        1.0307612544611882,
        1.0343166087803088,
        1.0290512881780927,
        1.0368753703016984,
        1.0443674231830395,
        1.0436913778907375,
        1.071909509207073,
        1.0602527762714185
    ],
    "val_acc": [
        0.5959595959595959,
        0.6060606060606061,
        0.6363636363636364,
        0.6363636363636364,
        0.6498316498316499,
        0.6531986531986532,
        0.6801346801346801,
        0.67003367003367,
        0.6565656565656566,
        0.6599326599326599,
        0.6902356902356902,
        0.7037037037037037,
        0.6767676767676768,
        0.67003367003367,
        0.6801346801346801
    ],
    "val_precision": [
        0.5513844484133108,
        0.5591443937255949,
        0.5869619173996266,
        0.5931855947065335,
        0.6179754534593245,
        0.6091785797048955,
        0.6443702534025115,
        0.6293504901960785,
        0.6182366661453783,
        0.6252827913392268,
        0.6442247735811146,
        0.6651655134988468,
        0.6336090945435526,
        0.624291999565164,
        0.6340456577266922
    ],
    "val_recall": [
        0.5815023982277504,
        0.5713142491311506,
        0.6040222818391834,
        0.6031985685154699,
        0.6408729311898326,
        0.6232262260431275,
        0.6684553448637955,
        0.6499187888272394,
        0.6364928629013136,
        0.6441828580913088,
        0.6583302847387354,
        0.6768788657873165,
        0.6500420028589042,
        0.6331588859757874,
        0.6453762981931994
    ],
    "val_f1": [
        0.5501240428589759,
        0.5549767956830609,
        0.5919062236000758,
        0.5935110752674418,
        0.6162372392990773,
        0.6094049450970285,
        0.6505103967551145,
        0.6331444455006671,
        0.6189749582971242,
        0.6231573614084539,
        0.6489508217739066,
        0.668801386883225,
        0.6373485769170251,
        0.6247795738070967,
        0.6379713806762208
    ]
}