{
    "train_loss": [
        6.269914406996507,
        4.000188130598802,
        2.908949980368981,
        2.5110912322998047,
        2.2298870866115275,
        2.05563100026204,
        2.0071263175744276,
        1.865933175270374,
        1.8392057923170237,
        1.7511292329201331,
        1.6974422473173876,
        1.5772161988111644,
        1.5366350366519048,
        1.6918430786866407,
        1.5229265644000127,
        1.5327958739720857,
        1.505432745585075,
        1.4894408170993512,
        1.548063915509444,
        1.4670691811121428,
        1.4323280361982493,
        1.439512381186852,
        1.4327535308324373,
        1.4091184872847338,
        1.3794813522925744,
        1.366844186416039,
        1.3975537854891558,
        1.280428097798274,
        1.2966440274165227,
        1.2956491594131176,
        1.3544895740655751,
        1.2890903032743013,
        1.3646193467653716,
        1.3041960367789636,
        1.3369272626363313,
        1.3009070066305308,
        1.296790136740758,
        1.2799546305949872,
        1.3321751791697283,
        1.2610243971531208,
        1.2230308101727412,
        1.2500591255151308,
        1.274828553199768,
        1.2595609105550325,
        1.3163007429012885,
        1.29550766486388,
        1.22735238304505,
        1.1909998196821947,
        1.1931145649689894,
        1.2639818741725042,
        1.2443872804825122,
        1.1989107246582325,
        1.2081172878925617,
        1.158953538307777,
        1.1977713818733509,
        1.1827513896501982,
        1.165658833888861,
        1.2113990141795232,
        1.1615094588353083,
        1.1689524192076464,
        1.1786089333204122,
        1.2188728062006144,
        1.1770079410993135,
        1.2351414148624127,
        1.188330916258005,
        1.179341937486942,
        1.196805979196842,
        1.1802264406130865,
        1.1946658331614275,
        1.1998760058329656,
        1.1999426048535566
    ],
    "val_loss": [
        1.826431781053543,
        1.8034739196300507,
        1.7238543629646301,
        1.6624231040477753,
        1.602152019739151,
        1.5181793570518494,
        1.4378007054328918,
        1.4558850228786469,
        1.3243782818317413,
        1.282779484987259,
        1.2588486671447754,
        1.193732500076294,
        1.1840506196022034,
        1.143019437789917,
        1.1386238038539886,
        1.1078941822052002,
        1.2039923667907715,
        1.0862868875265121,
        1.1456106007099152,
        1.0455295741558075,
        1.0471293926239014,
        1.039094403386116,
        1.010223314166069,
        1.0126350820064545,
        0.9886280298233032,
        0.978859931230545,
        1.0120083391666412,
        1.0034105479717255,
        0.9593293815851212,
        0.9648888409137726,
        0.9554689079523087,
        0.9769726097583771,
        0.9959408938884735,
        0.9369937479496002,
        0.9852486103773117,
        0.9306404888629913,
        0.9335402697324753,
        0.9231977760791779,
        0.950691431760788,
        0.9171887040138245,
        0.9221506863832474,
        0.9077611118555069,
        0.9135514795780182,
        0.9734800159931183,
        1.001172512769699,
        0.9695738255977631,
        0.9042632579803467,
        0.8995166420936584,
        0.9118784815073013,
        0.89068603515625,
        0.8847743272781372,
        0.8999489843845367,
        0.9082802534103394,
        0.8785517811775208,
        0.8776986002922058,
        0.9093553721904755,
        0.8746597468852997,
        0.8885809183120728,
        0.8712719529867172,
        0.8777273148298264,
        0.8803533166646957,
        0.8787878602743149,
        0.8785945326089859,
        0.8695995658636093,
        0.862907662987709,
        0.8625520169734955,
        0.8690429776906967,
        0.8784481883049011,
        0.8718301206827164,
        0.880972757935524,
        0.8938280045986176
    ]
}